<?xml version="1.0" encoding="UTF-8"?>
<project-private xmlns="http://www.netbeans.org/ns/project-private/1">
    <editor-bookmarks xmlns="http://www.netbeans.org/ns/editor-bookmarks/2" lastBookmarkId="0"/>
    <open-files xmlns="http://www.netbeans.org/ns/projectui-open-files/2">
        <group name="YT">
            <file>file:/C:/Users/baontq/Desktop/Java2/Lab5/src/com/polyit/bai4/Bai4Form.java</file>
            <file>file:/C:/Users/baontq/Desktop/Java2/Lab5/src/com/polyit/bai3/Bai3Form.java</file>
            <file>file:/C:/Users/baontq/Desktop/Java2/Lab5/src/com/polyit/XFile.java</file>
            <file>file:/C:/Users/baontq/Desktop/Java2/Lab5/src/com/polyit/bai3/Staff.java</file>
        </group>
    </open-files>
</project-private>
